{
  "version": "appendiceal-nodal-risk-stratified-apr-2026",
  "models": {
    "goblet_cell": {
      "intercept": -2.742361,
      "age": {
        "<50": 0,
        "50-64": -0.025431,
        "65-79": 0.005159,
        "80+": 0.308734
      },
      "sex": {
        "female": 0,
        "male": -0.136276
      },
      "tStage": {
        "t1": 0,
        "t2": 0.838699,
        "t3": 0.211891,
        "t4": 1.697837
      },
      "grade": {
        "g1": 0,
        "g2": -0.07084,
        "g3": 0.967701,
        "g4": 1.176957
      },
      "lymphovascularInvasion": {
        "no": 0,
        "yes": 1.717989
      }
    },
    "carcinoid_tumors": {
      "intercept": -2.90883,
      "age": {
        "<50": 0,
        "50-64": -0.10427,
        "65-79": -0.48539,
        "80+": -0.57076
      },
      "sex": {
        "female": 0,
        "male": -0.05771
      },
      "tStage": {
        "t1": 0,
        "t2": 1.78873,
        "t3": 1.3038,
        "t4": 1.67134
      },
      "grade": {
        "g1": 0,
        "g2": 0.71277,
        "g3": 1.01627,
        "g4": 1.01627
      },
      "lymphovascularInvasion": {
        "no": 0,
        "yes": 1.66596
      }
    },
    "mucinous_adenocarcinoma": {
      "intercept": -3.396004,
      "age": {
        "<50": 0,
        "50-64": 0.111641,
        "65-79": 0.07749,
        "80+": 0.001324
      },
      "sex": {
        "female": 0,
        "male": 0.179304
      },
      "tStage": {
        "t1": 0,
        "t2": 0,
        "t3": 0.603395,
        "t4": 0.742321
      },
      "grade": {
        "g1": 0,
        "g2": 1.082166,
        "g3": 1.635055,
        "g4": 0.970296
      },
      "lymphovascularInvasion": {
        "no": 0,
        "yes": 2.318926
      }
    },
    "nonmucinous_adenocarcinoma": {
      "intercept": -2.80858,
      "age": {
        "<50": 0,
        "50-64": -0.07002,
        "65-79": -0.03735,
        "80+": -0.05673
      },
      "sex": {
        "female": 0,
        "male": 0.10343
      },
      "tStage": {
        "t1": 0,
        "t2": 0,
        "t3": 0.75687,
        "t4": 1.35624
      },
      "grade": {
        "g1": 0,
        "g2": 0.46656,
        "g3": 1.27118,
        "g4": 0.85084
      },
      "lymphovascularInvasion": {
        "no": 0,
        "yes": 1.83416
      }
    },
    "signet_cell": {
      "intercept": -1.89124,
      "age": {
        "<50": 0,
        "50-64": 0.28838,
        "65-79": 0.16163,
        "80+": 0.0804
      },
      "sex": {
        "female": 0,
        "male": -0.01064
      },
      "tStage": {
        "t1": 0,
        "t2": 0,
        "t3": 0,
        "t4": 1.7007
      },
      "grade": {
        "g1": 0,
        "g2": 0,
        "g3": 0.44227,
        "g4": 0.44227
      },
      "lymphovascularInvasion": {
        "no": 0,
        "yes": 1.57737
      }
    }
  }
}
